<?xml version="1.0" encoding="UTF-8"?>
<Research xmlns="http://www.rixml.org/2013/2/RIXML" createDateTime="2023-03-09T23:40:10Z" language="eng"
          researchID="ce1ff9ba-16d5-4bdf-ae42-19f87edeb5aa">
    <Product productID="ce1ff9ba-16d5-4bdf-ae42-19f87edeb5aa" bluematrixDocID="80019">
        <StatusInfo statusType="Published" statusDateTime="2023-03-09T23:37:43Z" currentStatusIndicator="Yes"/>
        <Source>
            <Organization type="SellSideFirm" primaryIndicator="Yes">
                <OrganizationID idType="CreatorCode">25203</OrganizationID>
                <OrganizationName nameType="Display">Cantor Fitzgerald</OrganizationName>
                <PersonGroup>
                    <PersonGroupMember primaryIndicator="Yes" sequence="1">
                        <Person personID="1051">
                            <FamilyName>Duncan, Ph.D.</FamilyName>
                            <GivenName>Charles C.</GivenName>
                            <DisplayName>Charles C. Duncan, Ph.D.</DisplayName>
                            <JobTitle></JobTitle>
                            <ContactInfo nature="Business">
                                <Email>Charles.Duncan@cantor.com</Email>
                            </ContactInfo>
                        </Person>
                    </PersonGroupMember>
                    <PersonGroupMember primaryIndicator="No" sequence="2">
                        <Person personID="1049">
                            <FamilyName>Stavropoulos, Ph.D.</FamilyName>
                            <GivenName>Pete</GivenName>
                            <DisplayName>Pete Stavropoulos, Ph.D.</DisplayName>
                            <JobTitle></JobTitle>
                            <ContactInfo nature="Business">
                                <Email>Pete.Stavropoulos@cantor.com</Email>
                            </ContactInfo>
                        </Person>
                    </PersonGroupMember>
                </PersonGroup>
            </Organization>
        </Source>
        <Content>
            <Title>BNC210 Data in Social Anxiety: Not Mining, Just Deeper Analysis and Every Good Study Suggests Two
                Others
            </Title>
            <TitleFormatted>
                <![CDATA[BNC210 Data in Social Anxiety: Not Mining, Just Deeper Analysis and Every Good Study Suggests Two Others]]></TitleFormatted>
            <Resource resourceID="ce1ff9ba-16d5-4bdf-ae42-19f87edeb5aa" primaryIndicator="Yes" language="eng"
                      sizeInBytes="1486068">
                <Length lengthUnit="Pages">9</Length>
                <MIMEType>application/pdf</MIMEType>
                <Name>ce1ff9ba-16d5-4bdf-ae42-19f87edeb5aa.pdf</Name>
            </Resource>
            <Resource resourceID="2a0beda4-1a0f-418b-a231-7a3b3ecd13b0" bluematrixElementID="199" primaryIndicator="No"
                      sizeInBytes="787803">
                <MIMEType>application/vnd.openxmlformats-officedocument.wordprocessingml.document</MIMEType>
                <Name>BNOX add on 03.09.2023.docx</Name>
            </Resource>
            <Resource resourceID="b7018794-9bc9-43f3-8a3d-3f6e60033492" bluematrixElementID="199" primaryIndicator="No"
                      sizeInBytes="787174">
                <MIMEType>application/vnd.openxmlformats-officedocument.wordprocessingml.document</MIMEType>
                <Name>BNOX add on 03.09.2023lw.docx</Name>
            </Resource>
            <Resource resourceID="7dfedd76-e6b0-49b8-bf0b-f9adcd276c32" bluematrixElementID="199" primaryIndicator="No"
                      sizeInBytes="789328">
                <MIMEType>application/vnd.openxmlformats-officedocument.wordprocessingml.document</MIMEType>
                <Name>BNOX add on 03.09.2023lw_EK.docx</Name>
            </Resource>
        </Content>
        <Context external="Yes">
            <IssuerDetails>
                <Issuer issuerType="Corporate" primaryIndicator="Yes" domicileCountryCode="US">
                    <SecurityDetails>
                        <Security primaryIndicator="Yes" ratingAction="Reiterate" targetPriceAction="Decrease">
                            <SecurityID idType="Bloomberg" idValue="BNOX"/>
                            <SecurityID idType="PublisherDefined" idValue="4890" publisherDefinedValue="BlueMatrixID"/>
                            <SecurityID idType="PublisherDefined" idValue="BNOX"
                                        publisherDefinedValue="BlueMatrixSymbol"/>
                            <SecurityFinancials securityFinancialsType="Price" priorCurrent="Current">
                                <Currency>USD</Currency>
                                <FinancialValue estimateActual="Estimate">3.43</FinancialValue>
                            </SecurityFinancials>
                            <SecurityFinancials securityFinancialsType="52WeekHigh" priorCurrent="Current">
                                <Currency>USD</Currency>
                                <FinancialValue estimateActual="Estimate">10.9</FinancialValue>
                            </SecurityFinancials>
                            <SecurityFinancials securityFinancialsType="52WeekLow" priorCurrent="Current">
                                <Currency>USD</Currency>
                                <FinancialValue estimateActual="Estimate">2.49</FinancialValue>
                            </SecurityFinancials>
                            <SecurityName>Bionomics Ltd.</SecurityName>
                            <AssetClass assetClass="Equity"/>
                            <AssetType assetType="Stock"/>
                            <Rating rating="PositiveSentiment" ratingAction="Reiterate"/>
                            <Rating rating="PublisherDefined" ratingAction="Reiterate">
                                <PublisherDefinedValue>Overweight</PublisherDefinedValue>
                                <RatingEntity ratingEntity="Publisher"/>
                            </Rating>
                        </Security>
                    </SecurityDetails>
                    <IssuerName nameType="Display">
                        <NameValue>Bionomics Ltd.</NameValue>
                    </IssuerName>
                </Issuer>
            </IssuerDetails>
            <ProductDetails publicationDateTime="2023-03-09T23:37:43Z" periodicalIndicator="No" bluematrixProductID="1">
                <ProductCategory productCategory="Report"/>
                <ProductFocus focus="Issuer" primaryIndicator="Yes"/>
                <ProductName>Company Note</ProductName>
            </ProductDetails>
            <ProductClassifications>
                <Subject subjectValue="PublisherDefined" publisherDefinedValue="Company Update"
                         bluematrixSubjectID="3"/>
                <Country code="US" primaryIndicator="Yes"/>
                <SectorIndustry code="558" classificationType="PublisherDefined" level="1" focusLevel="Yes"
                                primaryIndicator="Yes" bluematrixSectorID="558">
                    <Name>Biotechnology[Duncan]</Name>
                </SectorIndustry>
                <SectorIndustry code="352010" classificationType="GICS" level="1" focusLevel="Yes"
                                primaryIndicator="Yes" bluematrixSectorID="558">
                    <Name>Biotechnology</Name>
                </SectorIndustry>
                <Tag tagID="10081" code="">
                    <Name>Denomination Tag</Name>
                    <TagValue tagValueID="14" rank="1" code="">
                        <Name>($AU M)</Name>
                    </TagValue>
                </Tag>
                <Tag tagID="10066" code="">
                    <Name>Hide Valuation and Risks sections</Name>
                    <TagValue tagValueID="2" rank="1" code="YES">
                        <Name>Yes</Name>
                    </TagValue>
                </Tag>
                <Tag tagID="20" code="">
                    <Name>Main Subject</Name>
                    <TagValue tagValueID="3" rank="1" code="CU">
                        <Name>Company Update</Name>
                    </TagValue>
                </Tag>
                <Tag tagID="10069" code="">
                    <Name>Subject(s) for Email</Name>
                    <TagValue tagValueID="2" rank="1" code="CU">
                        <Name>Company Update</Name>
                    </TagValue>
                    <TagValue tagValueID="5" rank="1" code="ER">
                        <Name>Earnings Review</Name>
                    </TagValue>
                </Tag>
            </ProductClassifications>
        </Context>
    </Product>
    <InternalTag>
        <Name>AccessType</Name>
        <Value>Public</Value>
    </InternalTag>
</Research>