{
  "broker": {
    "id": 25859,
    "name": "Raymond James",
    "encrypt": "d9fd5be7-8ea8-4dd7-abb7-f2d9c48468af"
  },
  "type": {
    "id": 7257,
    "name": "Company Comment"
  },
  "authors": [
    {
      "id": 74472,
      "firstName": "Steve",
      "lastName": "Moss",
      "email": "steve.moss@raymondjames.com"
    }
  ],
  "issuers": [
    {
      "id": 87558,
      "name": "Carter Bk & Tr Martinsville VA",
      "updated": 1549044751000,
      "securities": [
        {
          "id": 277812,
          "name": "Carter Bankshares, Inc.",
          "symbol": "CARE",
          "sedol": "BMWKK45",
          "cusip": "146103106",
          "isin": "US1461021081",
          "bloomberg": "CARE",
          "ratingAction": "Initiate",
          "targetPriceAction": "Reiterate",
          "updated": 1717405232000
        }
      ]
    }
  ],
  "industries": [
    {
      "id": 481,
      "gics": 401010,
      "name": "Commercial Banks",
      "updated": 1717609393000
    },
    {
      "id": 477,
      "gics": 40,
      "name": "Financials",
      "updated": 1717609393000
    }
  ],
  "brokerTags": [],
  "id": 12098746,
  "brokerDocId": 234830,
  "encrypt": "730b97ed-1c9b-4244-b5d9-a876cc4010bd",
  "title": "CARE | Resume Coverage at Market Perform; Resolution of Large Credit Would be a Catalyst ",
  "titleFormatted": "CARE | Resume Coverage at Market Perform; Resolution of Large Credit Would be a Catalyst",
  "synopsis": "We resume coverage of Carter Bankshares (CARE) with a Market Perform rating and Aggressive Risk/Wealth Accumulation (A/ACC) suitability. CARE’s management team has made significant progress in resolving problem credits and improving profitability over the past several years. As a result, the bank’s ROE is now in the mid-teens with an active share repurchase program. That said, it still has one exceptionally large relationship that management is working out of the bank, which represents 7% of ass...",
  "publishTimestamp": 1680775204000,
  "updatedTimestamp": 1680776705000,
  "htmlLink": "https://research-exp.bluematrix.com/docs/html/d9fd5be7-8ea8-4dd7-abb7-f2d9c48468af/730b97ed-1c9b-4244-b5d9-a876cc4010bd",
  "rixmlLink": "https://research-exp.bluematrix.com/docs/rixml/d9fd5be7-8ea8-4dd7-abb7-f2d9c48468af/730b97ed-1c9b-4244-b5d9-a876cc4010bd",
  "pdfLink": "https://research-exp.bluematrix.com/docs/pdf/d9fd5be7-8ea8-4dd7-abb7-f2d9c48468af/730b97ed-1c9b-4244-b5d9-a876cc4010bd",
  "externalLink": false,
  "pdfLengthNumPages": 11,
  "assetClasses": [
    "Equity"
  ],
  "assetTypes": [
    "Stock"
  ],
  "countries": [
    "US"
  ],
  "productCategory": "Report",
  "focus": "Issuer"
}